Name,Age,Gender,Salary,Purchased
Alice,-1.4909414488640682,0,-1.7067500094371337,1
Bob,0.07847060257179306,1,1.26151087654049,0
Charlie,0.0,1,-0.2226195664483218,1
David,1.6478826540076543,2,0.6678586993449654,0
Eva,-0.23541180771537917,0,0.0,1
